{
  "_label": "DIAG-10 \u2014 feedback x candidate 2x2 (Modal T4, HumanEval-dev D13). EXPLORATORY; does not reopen H2. b2-raw reference is committed (0.61->0.40).",
  "n_problems": 80,
  "T": 8,
  "pass_by_step": {
    "b1": [
      0.7,
      0.7375,
      0.675,
      0.725,
      0.625,
      0.7375,
      0.6875,
      0.7625
    ],
    "abstract": [
      0.7,
      0.8,
      0.7625,
      0.7125,
      0.7875,
      0.7,
      0.775,
      0.7875
    ],
    "b2_fb": [
      0.7,
      0.625,
      0.6125,
      0.55,
      0.5125,
      0.575,
      0.525,
      0.5375
    ]
  },
  "no_code_by_step": {
    "b1": [
      0.0,
      0.0,
      0.0,
      0.0,
      0.0,
      0.0,
      0.0,
      0.0
    ],
    "abstract": [
      0.0,
      0.0,
      0.0,
      0.0,
      0.0,
      0.0,
      0.0,
      0.0
    ],
    "b2_fb": [
      0.0,
      0.0125,
      0.0,
      0.0,
      0.0,
      0.0125,
      0.0,
      0.0
    ]
  },
  "summary": {
    "b1": {
      "step0": 0.7,
      "last": 0.7625,
      "slope_0_to_last": 0.0625,
      "mean_1_to_last": 0.7071428571428572
    },
    "abstract": {
      "step0": 0.7,
      "last": 0.7875,
      "slope_0_to_last": 0.08750000000000002,
      "mean_1_to_last": 0.7607142857142858
    },
    "b2_fb": {
      "step0": 0.7,
      "last": 0.5375,
      "slope_0_to_last": -0.16249999999999998,
      "mean_1_to_last": 0.5625
    }
  },
  "b2_raw_committed_reference": [
    0.61,
    0.494,
    0.457,
    0.451,
    0.433,
    0.402,
    0.39,
    0.402
  ]
}