{
  "_label": "D2a \u2014 verb\u00d7provenance 2\u00d72, all on a['fail']",
  "legend": {
    "E1": "self+improve",
    "E1p": "self+write-correct",
    "E2p": "other+improve",
    "E2": "other+write-correct"
  },
  "n_problems": 60,
  "cells": {
    "E1@0.0": {
      "pull": 0.07645431723902492,
      "coverage": 0.2,
      "mean_pass": 0.2,
      "ns": 1
    },
    "E1@0.8": {
      "pull": 0.17589329755467187,
      "coverage": 0.48333333333333334,
      "mean_pass": 0.22916666666666666,
      "ns": 8
    },
    "E1@1.2": {
      "pull": 0.30843897341273746,
      "coverage": 0.65,
      "mean_pass": 0.20833333333333334,
      "ns": 8
    },
    "E1p@0.0": {
      "pull": 0.03425186000119289,
      "coverage": 0.13333333333333333,
      "mean_pass": 0.13333333333333333,
      "ns": 1
    },
    "E1p@0.8": {
      "pull": 0.07994704825531122,
      "coverage": 0.31666666666666665,
      "mean_pass": 0.13333333333333333,
      "ns": 8
    },
    "E1p@1.2": {
      "pull": 0.19302777265072757,
      "coverage": 0.48333333333333334,
      "mean_pass": 0.16875,
      "ns": 8
    },
    "E2p@0.0": {
      "pull": 0.08858405720524101,
      "coverage": 0.15,
      "mean_pass": 0.15,
      "ns": 1
    },
    "E2p@0.8": {
      "pull": 0.1953337184465473,
      "coverage": 0.4666666666666667,
      "mean_pass": 0.20416666666666666,
      "ns": 8
    },
    "E2p@1.2": {
      "pull": 0.33619884999286626,
      "coverage": 0.6333333333333333,
      "mean_pass": 0.20208333333333334,
      "ns": 8
    },
    "E2@0.0": {
      "pull": 0.0431160527790606,
      "coverage": 0.1,
      "mean_pass": 0.1,
      "ns": 1
    },
    "E2@0.8": {
      "pull": 0.07259429482904148,
      "coverage": 0.21666666666666667,
      "mean_pass": 0.10833333333333334,
      "ns": 8
    },
    "E2@1.2": {
      "pull": 0.16137153995869935,
      "coverage": 0.4166666666666667,
      "mean_pass": 0.12916666666666668,
      "ns": 8
    }
  }
}