{
  "_label": "H0a follow-up (POST-HOC, unregistered) \u2014 D2a 2x2 under AST; corrects the mis-specified L1b",
  "cells": {
    "E1@0.0": {
      "ast": 0.04438667405707753,
      "lex": 0.07645431723902492
    },
    "E1@0.8": {
      "ast": 0.11241418890871531,
      "lex": 0.17589329755467187
    },
    "E1@1.2": {
      "ast": 0.20629363277422755,
      "lex": 0.30843897341273746
    },
    "E1p@0.0": {
      "ast": 0.021527733193500792,
      "lex": 0.034251860001192895
    },
    "E1p@0.8": {
      "ast": 0.047228207160843284,
      "lex": 0.07994704825531122
    },
    "E1p@1.2": {
      "ast": 0.12034754694525356,
      "lex": 0.19302777265072757
    },
    "E2@0.0": {
      "ast": 0.016930838068202777,
      "lex": 0.0431160527790606
    },
    "E2@0.8": {
      "ast": 0.0339183641073921,
      "lex": 0.07259429482904148
    },
    "E2@1.2": {
      "ast": 0.08683411598225853,
      "lex": 0.16137153995869935
    },
    "E2p@0.0": {
      "ast": 0.037464028766986596,
      "lex": 0.08858405720524101
    },
    "E2p@0.8": {
      "ast": 0.10975870842876054,
      "lex": 0.19533371844654726
    },
    "E2p@1.2": {
      "ast": 0.21408178846025627,
      "lex": 0.33619884999286626
    }
  },
  "deltas": {
    "0.0": {
      "cells_ast": {
        "E1": 0.04438667405707753,
        "E1p": 0.021527733193500792,
        "E2p": 0.037464028766986596,
        "E2": 0.016930838068202777
      },
      "max_provenance_delta": 0.0069226452900909355,
      "max_verb_delta": 0.02285894086357674
    },
    "0.8": {
      "cells_ast": {
        "E1": 0.11241418890871531,
        "E1p": 0.047228207160843284,
        "E2p": 0.10975870842876054,
        "E2": 0.0339183641073921
      },
      "max_provenance_delta": 0.013309843053451183,
      "max_verb_delta": 0.07584034432136844
    },
    "1.2": {
      "cells_ast": {
        "E1": 0.20629363277422755,
        "E1p": 0.12034754694525356,
        "E2p": 0.21408178846025627,
        "E2": 0.08683411598225853
      },
      "max_provenance_delta": 0.03351343096299503,
      "max_verb_delta": 0.12724767247799773
    }
  }
}