{
  "auroc_verifier": 0.708165842745282,
  "auroc_likelihood": 0.6960752474771167,
  "delta": 0.01209059526816536,
  "ci_lo": -0.04600330225330229,
  "ci_hi": 0.06995234419983576,
  "h1_pass": false
}