{
  "auroc_verifier": 0.7951286399884531,
  "auroc_likelihood": 0.6960752474771167,
  "delta": 0.09905339251133638,
  "ci_lo": 0.04414575194626347,
  "ci_hi": 0.15312031769621515,
  "h1_pass": true
}