{
  "delta_b1": {
    "point": 0.0,
    "lo": -0.04878048780487805,
    "hi": 0.054878048780487805,
    "n_resamples": 10000
  },
  "delta_b2": null,
  "b1_prime": 0.6707317073170732,
  "gate_pass": false
}