{
  "delta_b1": {
    "point": 0.0,
    "lo": -0.04878048780487805,
    "hi": 0.054878048780487805,
    "n_resamples": 10000
  },
  "delta_b2": {
    "point": 0.06097560975609756,
    "lo": -0.012195121951219513,
    "hi": 0.13414634146341464,
    "n_resamples": 10000
  },
  "b1_prime": 0.6707317073170732,
  "gate_pass": false
}