{
  "_label": "J5 Q2 extension step 1 \u2014 7B hard screen [PHASE_5.md J5]",
  "model": "Qwen/Qwen2.5-Coder-7B",
  "n_problems": 61,
  "pass@8": 0.027422826032795552,
  "pass@50": 0.09836065573770492,
  "stratum_size": 55,
  "richness": 48,
  "stratum_qids": [
    "abc333_e",
    "abc324_f",
    "abc341_f",
    "abc324_e",
    "abc327_e",
    "abc341_e",
    "abc323_e",
    "abc334_e",
    "abc331_d",
    "abc338_e",
    "abc310_e",
    "abc331_e",
    "abc304_e",
    "abc305_d",
    "abc301_f",
    "abc308_f",
    "abc324_d",
    "abc342_e",
    "abc303_e",
    "abc343_e",
    "abc328_e",
    "abc329_f",
    "1899_D",
    "abc302_f",
    "abc329_e",
    "abc318_e",
    "abc323_d",
    "abc326_d",
    "abc337_e",
    "abc315_f",
    "abc310_f",
    "abc307_e",
    "abc309_e",
    "abc326_e",
    "abc306_e",
    "abc321_e",
    "abc315_e",
    "abc325_f",
    "abc312_e",
    "abc320_e",
    "abc311_e",
    "abc301_e",
    "abc305_e",
    "abc312_f",
    "abc330_e",
    "abc325_d",
    "abc340_e",
    "abc338_f",
    "abc308_e",
    "abc314_e",
    "abc319_e",
    "abc314_f",
    "abc338_d",
    "abc322_e",
    "abc325_e"
  ]
}