{
  "_label": "J5 Q2 step 2 \u2014 W0c floor fit on the 7B medium stratum [PHASE_5.md J5; instrument's 4th out-of-sample test]",
  "model": "Qwen/Qwen2.5-Coder-7B",
  "counts": [
    0,
    0,
    0,
    0,
    1,
    2,
    0,
    0,
    0,
    4,
    0,
    0,
    0,
    0,
    0,
    1,
    3,
    0,
    9,
    0,
    1,
    15,
    0,
    0,
    4,
    0,
    1,
    6,
    7,
    8,
    0,
    14,
    5,
    7,
    0,
    0,
    0,
    0,
    1,
    0,
    1,
    0,
    0,
    24,
    0,
    0,
    0,
    0,
    0,
    37,
    1,
    0,
    4,
    0,
    6,
    12,
    0,
    6,
    3,
    0,
    0,
    0,
    1,
    0,
    3,
    0,
    0,
    0,
    1,
    1,
    0,
    0,
    0,
    0,
    1,
    0,
    0,
    7
  ],
  "n_zero": 46,
  "near_x1_x2": {
    "1": 11,
    "2": 1
  },
  "fits": {
    "mixture": {
      "loglik": -137.8823884198848,
      "alpha": 0.17698787545759714,
      "beta": 3.3211878903191088,
      "pi0": 0.0,
      "P_reachable_given_zero": 1.0,
      "fresh50_recovery_prob_per_zero_problem": 0.11107466085068007,
      "expected_B1_50_recoveries_in_stratum": 5.109434399131283
    },
    "pure_beta_upper": {
      "loglik": -137.89373645271075,
      "alpha": 0.1697932735628895,
      "beta": 3.0051350754886377,
      "pi0": 0.0,
      "P_reachable_given_zero": 1.0,
      "fresh50_recovery_prob_per_zero_problem": 0.10725691821466787,
      "expected_B1_50_recoveries_in_stratum": 4.933818237874722
    }
  },
  "power_envelope": {
    "mcnemar_reject_at_b": 5,
    "r=0.10": 0.49268262791170886,
    "r=0.15": 0.8396360128479433,
    "r=0.20": 0.9668340388256863
  }
}