{
  "_label": "J5 Q2 step 1 \u2014 7B medium screen [PHASE_5.md J5]",
  "model": "Qwen/Qwen2.5-Coder-7B",
  "pass@8": 0.20574099439512603,
  "pass@50": 0.41025641025641024,
  "stratum_size": 46,
  "richness": 46,
  "stratum_qids": [
    "abc335_d",
    "abc306_d",
    "abc309_c",
    "abc311_c",
    "abc303_c",
    "abc342_d",
    "abc324_c",
    "abc342_c",
    "abc341_d",
    "abc315_c",
    "abc339_d",
    "abc336_c",
    "abc330_c",
    "abc314_d",
    "abc319_c",
    "abc315_d",
    "abc313_c",
    "abc301_c",
    "abc338_c",
    "abc318_c",
    "abc337_d",
    "abc303_d",
    "abc310_d",
    "abc336_d",
    "abc304_d",
    "abc311_d",
    "abc307_c",
    "abc335_c",
    "abc334_c",
    "abc320_c",
    "abc307_d",
    "abc331_c",
    "abc341_c",
    "abc343_d",
    "abc325_b",
    "abc333_d",
    "abc323_c",
    "1883_C",
    "abc329_c",
    "abc318_d",
    "abc320_d",
    "abc340_c",
    "abc312_d",
    "abc321_d",
    "abc322_d",
    "abc332_c"
  ]
}