{
  "_label": "J4 step 1 \u2014 DeepSeek LCB-medium screen [PHASE_5.md J4]",
  "model": "deepseek-ai/deepseek-coder-1.3b-base",
  "n_problems": 78,
  "k": 50,
  "pass@1": 0.005384615384615384,
  "pass@8": 0.02219155834305459,
  "pass@50": 0.02564102564102564,
  "stratum_size_pass50_eq_0": 76,
  "near_x1_x2": {
    "1": 0,
    "2": 0
  },
  "stratum_with_partial_credit": 71,
  "stratum_qids": [
    "abc335_d",
    "abc306_d",
    "abc309_c",
    "abc311_c",
    "abc309_d",
    "abc302_d",
    "abc303_c",
    "abc342_d",
    "abc324_c",
    "abc322_c",
    "abc342_c",
    "abc341_d",
    "abc315_c",
    "abc339_d",
    "abc336_c",
    "abc333_c",
    "abc325_c",
    "abc330_c",
    "abc328_c",
    "abc314_d",
    "abc334_d",
    "abc308_c",
    "abc319_c",
    "abc315_d",
    "abc312_c",
    "abc313_c",
    "abc301_d",
    "abc310_c",
    "abc306_c",
    "1883_B",
    "abc301_c",
    "abc326_c",
    "abc321_c",
    "abc343_c",
    "abc338_c",
    "abc318_c",
    "abc337_d",
    "abc303_d",
    "abc314_c",
    "abc310_d",
    "abc302_c",
    "abc336_d",
    "abc304_d",
    "abc329_d",
    "abc311_d",
    "abc307_c",
    "abc335_c",
    "abc334_c",
    "abc320_c",
    "abc305_c",
    "abc307_d",
    "abc330_d",
    "abc331_c",
    "abc334_b",
    "abc339_b",
    "abc341_c",
    "abc304_c",
    "abc313_b",
    "abc343_d",
    "abc325_b",
    "abc333_d",
    "abc337_c",
    "abc323_c",
    "abc319_d",
    "1883_C",
    "abc329_c",
    "abc318_d",
    "abc302_b",
    "abc308_d",
    "abc320_d",
    "abc340_c",
    "abc312_d",
    "abc321_d",
    "abc327_d",
    "abc322_d",
    "abc332_c"
  ]
}