{
  "_label": "M3 \u2014 B0/B1 statistical re-baseline on vLLM/bf16/L4 vs old HF/4-bit/T4",
  "n_problems": 164,
  "new_bf16": {
    "B0_pass1": 0.6478658536585366,
    "B1_likelihood_pass1": 0.725609756097561,
    "pass@2": 0.754355400696864,
    "pass@4": 0.8342334494773519,
    "oracle_pass@8": 0.9024390243902439
  },
  "old_4bit_documented": {
    "B0_pass1": 0.5922,
    "B1_likelihood_pass1": 0.628,
    "pass@2": 0.6997,
    "pass@4": 0.7804,
    "oracle_pass@8": 0.8415
  },
  "delta_new_minus_old": {
    "B0_pass1": 0.0556658536585366,
    "B1_likelihood_pass1": 0.09760975609756095,
    "pass@2": 0.05465540069686403,
    "pass@4": 0.05383344947735191,
    "oracle_pass@8": 0.0609390243902439
  }
}