{
  "_label": "M3 \u2014 B0/B1 statistical re-baseline on vLLM/bf16/L4 vs old HF/4-bit/T4",
  "n_problems": 164,
  "new_bf16": {
    "B0_pass1": 0.6417682926829268,
    "B1_likelihood_pass1": 0.6707317073170732,
    "pass@2": 0.7600174216027874,
    "pass@4": 0.852439024390244,
    "oracle_pass@8": 0.9146341463414634
  },
  "old_4bit_documented": {
    "B0_pass1": 0.5922,
    "B1_likelihood_pass1": 0.628,
    "pass@2": 0.6997,
    "pass@4": 0.7804,
    "oracle_pass@8": 0.8415
  },
  "delta_new_minus_old": {
    "B0_pass1": 0.04956829268292684,
    "B1_likelihood_pass1": 0.04273170731707321,
    "pass@2": 0.06031742160278741,
    "pass@4": 0.07203902439024401,
    "oracle_pass@8": 0.07313414634146342
  }
}