{
  "pool": "4-bit (lock_a + heldout_scores)",
  "n_problems": 164,
  "alignment_mismatches": 0,
  "error_shares": {
    "wrong_answer": 0.7065420560747664,
    "runtime": 0.2336448598130841,
    "no_code": 0.022429906542056073,
    "timeout": 0.016822429906542057,
    "syntax": 0.014953271028037384,
    "sandbox": 0.005607476635514018
  },
  "strata": {
    "subtle": {
      "V_auroc": 0.7508305647840531,
      "lik_auroc": 0.5800802879291251,
      "edge": 0.17075027685492794,
      "n": 43
    },
    "obvious": {
      "V_auroc": 0.6896529888551165,
      "lik_auroc": 0.5569402228976698,
      "edge": 0.13271276595744674,
      "n": 47
    },
    "all": {
      "V_auroc": 0.7188822751322751,
      "lik_auroc": 0.5679960317460317,
      "edge": 0.15088624338624335,
      "n": 90
    }
  }
}