{
  "V": {
    "within": 0.6461988871635611,
    "pooled": 0.7718551056786351,
    "bo8": 0.6646341463414634,
    "bo50": 0.6646341463414634
  },
  "likelihood": {
    "within": 0.6305577122153209,
    "pooled": 0.6809447415329768,
    "bo8": 0.725609756097561,
    "bo50": 0.725609756097561
  },
  "edge_within_V_minus_lik": 0.015641174948240244,
  "edge_bo8_V_minus_lik": -0.060975609756097504,
  "_stack": "bf16 M3 pool, STALE 4-bit-trained V-v2b (R1b part 1)",
  "_retired_4bit_H1": {
    "V_within": 0.7189,
    "lik_within": 0.568,
    "V_bo8": 0.6707,
    "lik_bo8": 0.628,
    "edge_within": 0.151
  }
}